rmse,mae,r2
8656.939756131744,2895.6336071647333,0.693635083071694
